EELEC_AV,EELEC_STDDEV,EVDW_AV,EVDW_STDDEV,R1,R2,TOTAL_AV,TOTAL_STDDEV
0.0023362411935350185,0.046761394890516075,-0.0010571487774554498,0.003599047034697445,1,2,0.0012790924160795687,0.04689969287388508
-0.055533899709904695,0.2574851610489736,-0.00905329465395773,0.01667974573068827,1,3,-0.06458719436386243,0.25802484779194484
1.311200310816411,0.9986147310257655,-0.28689419809365935,0.35309044997086986,1,4,1.0243061127227517,1.0591998144270482
-4.2915890799834235,8.631317043415653,-3.188812929962702,2.9053657974723106,1,5,-7.4804020099461255,9.107183116698568
-18.168672420223785,8.662673053168817,-5.942759283050145,4.115173316185406,1,6,-24.11143170327393,9.590440857872048
-15.645494384583506,7.8301366330804365,-2.5858842934106923,1.362822955514238,1,7,-18.231378677994197,7.9478504075495024
-0.8386113551595522,3.3310760527271635,-1.4563740779113137,1.2779063605698586,1,8,-2.294985433070866,3.5677881573094106
-0.24622813924575224,0.650040414599892,-0.0628063199336925,0.036453793358244654,1,9,-0.3090344591794447,0.6510617633246519
-0.4247175922088686,0.23384365536328436,-0.00789009531703274,0.005267423130574247,1,10,-0.43260768752590134,0.23390297326049322
0.00410555325321177,0.04246030839318154,-0.00044380439287194364,0.0005852415915554869,1,11,0.003661748860339826,0.042464341470986794
0.0,0.0,0.0,0.0,1,12,0.0,0.0
0.0001017612929962702,0.003999187353435353,-1.326150020721094e-06,3.605267487684639e-05,1,13,0.0001004351429755491,0.0039993498575697315
-0.0032096353087443016,0.03296781499093149,-0.0036586821384169085,0.011075929942298973,1,14,-0.00686831744716121,0.03477862920477174
0.2179867177786987,0.23592375457500853,-0.030228760878574387,0.015192239551449046,1,15,0.1877579569001243,0.23641239839601788
-1.614374181516784,0.964742123695089,-0.11333447990053874,0.04106809783268179,1,16,-1.7277086614173227,0.9656158417773112
-3.6093028387898873,1.2732390197865322,-0.21155348114380437,0.082266875039786,1,17,-3.8208563199336916,1.275893976878871
-0.4199900745959387,0.43085192103553965,-0.02534946125155408,0.0339496255402191,1,18,-0.44533953584749275,0.43218740719083426
-9.048760194778284,3.6508882846674418,-2.10051062992126,1.5074078454276842,1,19,-11.149270824699544,3.9498435006439063
-16.751034707832574,4.481444742555174,-6.138642229589722,2.445144407685562,1,20,-22.889676937422294,5.105103148322411
-18.262068338168255,8.476019009781206,-10.29967055532532,2.5773905408838367,1,21,-28.561738893493576,8.859223456624733
-9.209809656029838,4.487966169619563,-5.406704641525073,2.0171081619882947,1,22,-14.616514297554911,4.92042332292756
-4.231327455449647,2.9610159644260508,-0.9435104227103192,0.8432919074619579,1,23,-5.174837878159966,3.0787589679571803
